product_key,product_id,product_number,category_id,product_name,category,subcategory,maintenance_flag,product_line,start_date
1,210,FR-R92B-58,CO_RF,HL Road Frame - Black- 58,Components,Road Frames,true,Road,2003-07-01
2,211,FR-R92R-58,CO_RF,HL Road Frame - Red- 58,Components,Road Frames,true,Road,2003-07-01
3,348,BK-M82B-38,BI_MB,Mountain-100 Black- 38,Bikes,Mountain Bikes,true,Mountain,2011-07-01
4,349,BK-M82B-42,BI_MB,Mountain-100 Black- 42,Bikes,Mountain Bikes,true,Mountain,2011-07-01
5,350,BK-M82B-44,BI_MB,Mountain-100 Black- 44,Bikes,Mountain Bikes,true,Mountain,2011-07-01
6,351,BK-M82B-48,BI_MB,Mountain-100 Black- 48,Bikes,Mountain Bikes,true,Mountain,2011-07-01
7,344,BK-M82S-38,BI_MB,Mountain-100 Silver- 38,Bikes,Mountain Bikes,true,Mountain,2011-07-01
8,345,BK-M82S-42,BI_MB,Mountain-100 Silver- 42,Bikes,Mountain Bikes,true,Mountain,2011-07-01
9,346,BK-M82S-44,BI_MB,Mountain-100 Silver- 44,Bikes,Mountain Bikes,true,Mountain,2011-07-01
10,347,BK-M82S-48,BI_MB,Mountain-100 Silver- 48,Bikes,Mountain Bikes,true,Mountain,2011-07-01
11,338,BK-R50B-44,BI_RB,Road-650 Black- 44,Bikes,Road Bikes,true,Road,2011-07-01
12,340,BK-R50B-48,BI_RB,Road-650 Black- 48,Bikes,Road Bikes,true,Road,2011-07-01
13,342,BK-R50B-52,BI_RB,Road-650 Black- 52,Bikes,Road Bikes,true,Road,2011-07-01
14,332,BK-R50B-58,BI_RB,Road-650 Black- 58,Bikes,Road Bikes,true,Road,2011-07-01
15,334,BK-R50B-60,BI_RB,Road-650 Black- 60,Bikes,Road Bikes,true,Road,2011-07-01
16,336,BK-R50B-62,BI_RB,Road-650 Black- 62,Bikes,Road Bikes,true,Road,2011-07-01
17,326,BK-R50R-44,BI_RB,Road-650 Red- 44,Bikes,Road Bikes,true,Road,2011-07-01
18,328,BK-R50R-48,BI_RB,Road-650 Red- 48,Bikes,Road Bikes,true,Road,2011-07-01
19,330,BK-R50R-52,BI_RB,Road-650 Red- 52,Bikes,Road Bikes,true,Road,2011-07-01
20,320,BK-R50R-58,BI_RB,Road-650 Red- 58,Bikes,Road Bikes,true,Road,2011-07-01
21,322,BK-R50R-60,BI_RB,Road-650 Red- 60,Bikes,Road Bikes,true,Road,2011-07-01
22,324,BK-R50R-62,BI_RB,Road-650 Red- 62,Bikes,Road Bikes,true,Road,2011-07-01
23,317,BK-R68R-44,BI_RB,Road-450 Red- 44,Bikes,Road Bikes,true,Road,2011-07-01
24,318,BK-R68R-48,BI_RB,Road-450 Red- 48,Bikes,Road Bikes,true,Road,2011-07-01
25,319,BK-R68R-52,BI_RB,Road-450 Red- 52,Bikes,Road Bikes,true,Road,2011-07-01
26,315,BK-R68R-58,BI_RB,Road-450 Red- 58,Bikes,Road Bikes,true,Road,2011-07-01
27,316,BK-R68R-60,BI_RB,Road-450 Red- 60,Bikes,Road Bikes,true,Road,2011-07-01
28,311,BK-R93R-44,BI_RB,Road-150 Red- 44,Bikes,Road Bikes,true,Road,2011-07-01
29,312,BK-R93R-48,BI_RB,Road-150 Red- 48,Bikes,Road Bikes,true,Road,2011-07-01
30,313,BK-R93R-52,BI_RB,Road-150 Red- 52,Bikes,Road Bikes,true,Road,2011-07-01
31,314,BK-R93R-56,BI_RB,Road-150 Red- 56,Bikes,Road Bikes,true,Road,2011-07-01
32,310,BK-R93R-62,BI_RB,Road-150 Red- 62,Bikes,Road Bikes,true,Road,2011-07-01
33,223,CA-1098,CL_CA,AWC Logo Cap,Clothing,Caps,false,other sales,2011-07-01
34,304,FR-M94B-38,CO_MF,HL Mountain Frame - Black- 38,Components,Mountain Frames,true,Mountain,2011-07-01
35,296,FR-M94B-42,CO_MF,HL Mountain Frame - Black- 42,Components,Mountain Frames,true,Mountain,2011-07-01
36,299,FR-M94B-44,CO_MF,HL Mountain Frame - Black- 44,Components,Mountain Frames,true,Mountain,2011-07-01
37,301,FR-M94B-46,CO_MF,HL Mountain Frame - Black- 46,Components,Mountain Frames,true,Mountain,2011-07-01
38,300,FR-M94B-48,CO_MF,HL Mountain Frame - Black- 48,Components,Mountain Frames,true,Mountain,2011-07-01
39,307,FR-M94S-38,CO_MF,HL Mountain Frame - Silver- 38,Components,Mountain Frames,true,Mountain,2011-07-01
40,288,FR-M94S-42,CO_MF,HL Mountain Frame - Silver- 42,Components,Mountain Frames,true,Mountain,2011-07-01
41,291,FR-M94S-44,CO_MF,HL Mountain Frame - Silver- 44,Components,Mountain Frames,true,Mountain,2011-07-01
42,293,FR-M94S-46,CO_MF,HL Mountain Frame - Silver- 46,Components,Mountain Frames,true,Mountain,2011-07-01
43,292,FR-M94S-52,CO_MF,HL Mountain Frame - Silver- 48,Components,Mountain Frames,true,Mountain,2011-07-01
44,279,FR-R38B-44,CO_RF,LL Road Frame - Black- 44,Components,Road Frames,true,Road,2011-07-01
45,282,FR-R38B-48,CO_RF,LL Road Frame - Black- 48,Components,Road Frames,true,Road,2011-07-01
46,285,FR-R38B-52,CO_RF,LL Road Frame - Black- 52,Components,Road Frames,true,Road,2011-07-01
47,253,FR-R38B-58,CO_RF,LL Road Frame - Black- 58,Components,Road Frames,true,Road,2011-07-01
48,256,FR-R38B-60,CO_RF,LL Road Frame - Black- 60,Components,Road Frames,true,Road,2011-07-01
49,259,FR-R38B-62,CO_RF,LL Road Frame - Black- 62,Components,Road Frames,true,Road,2011-07-01
50,262,FR-R38R-44,CO_RF,LL Road Frame - Red- 44,Components,Road Frames,true,Road,2011-07-01
51,264,FR-R38R-48,CO_RF,LL Road Frame - Red- 48,Components,Road Frames,true,Road,2011-07-01
52,266,FR-R38R-52,CO_RF,LL Road Frame - Red- 52,Components,Road Frames,true,Road,2011-07-01
53,268,FR-R38R-58,CO_RF,LL Road Frame - Red- 58,Components,Road Frames,true,Road,2011-07-01
54,270,FR-R38R-60,CO_RF,LL Road Frame - Red- 60,Components,Road Frames,true,Road,2011-07-01
55,272,FR-R38R-62,CO_RF,LL Road Frame - Red- 62,Components,Road Frames,true,Road,2011-07-01
56,274,FR-R72R-44,CO_RF,ML Road Frame - Red- 44,Components,Road Frames,true,Road,2011-07-01
57,275,FR-R72R-48,CO_RF,ML Road Frame - Red- 48,Components,Road Frames,true,Road,2011-07-01
58,276,FR-R72R-52,CO_RF,ML Road Frame - Red- 52,Components,Road Frames,true,Road,2011-07-01
59,277,FR-R72R-58,CO_RF,ML Road Frame - Red- 58,Components,Road Frames,true,Road,2011-07-01
60,278,FR-R72R-60,CO_RF,ML Road Frame - Red- 60,Components,Road Frames,true,Road,2011-07-01
61,241,FR-R92R-44,CO_RF,HL Road Frame - Red- 44,Components,Road Frames,true,Road,2011-07-01
62,244,FR-R92R-48,CO_RF,HL Road Frame - Red- 48,Components,Road Frames,true,Road,2011-07-01
63,247,FR-R92R-52,CO_RF,HL Road Frame - Red- 52,Components,Road Frames,true,Road,2011-07-01
64,250,FR-R92R-56,CO_RF,HL Road Frame - Red- 56,Components,Road Frames,true,Road,2011-07-01
65,238,FR-R92R-62,CO_RF,HL Road Frame - Red- 62,Components,Road Frames,true,Road,2011-07-01
66,215,HL-U509,AC_HE,Sport-100 Helmet- Black,Accessories,Helmets,true,other sales,2011-07-01
67,220,HL-U509-B,AC_HE,Sport-100 Helmet- Blue,Accessories,Helmets,true,other sales,2011-07-01
68,212,HL-U509-R,AC_HE,Sport-100 Helmet- Red,Accessories,Helmets,true,other sales,2011-07-01
69,232,LJ-0192-L,CL_JE,Long-Sleeve Logo Jersey- L,Clothing,Jerseys,false,other sales,2011-07-01
70,229,LJ-0192-M,CL_JE,Long-Sleeve Logo Jersey- M,Clothing,Jerseys,false,other sales,2011-07-01
71,226,LJ-0192-S,CL_JE,Long-Sleeve Logo Jersey- S,Clothing,Jerseys,false,other sales,2011-07-01
72,235,LJ-0192-X,CL_JE,Long-Sleeve Logo Jersey- XL,Clothing,Jerseys,false,other sales,2011-07-01
73,219,SO-B909-L,CL_SO,Mountain Bike Socks- L,Clothing,Socks,false,Mountain,2011-07-01
74,218,SO-B909-M,CL_SO,Mountain Bike Socks- M,Clothing,Socks,false,Mountain,2011-07-01
75,364,BK-M47B-38,BI_MB,Mountain-300 Black- 38,Bikes,Mountain Bikes,true,Mountain,2012-07-01
76,365,BK-M47B-40,BI_MB,Mountain-300 Black- 40,Bikes,Mountain Bikes,true,Mountain,2012-07-01
77,366,BK-M47B-44,BI_MB,Mountain-300 Black- 44,Bikes,Mountain Bikes,true,Mountain,2012-07-01
78,367,BK-M47B-48,BI_MB,Mountain-300 Black- 48,Bikes,Mountain Bikes,true,Mountain,2012-07-01
79,358,BK-M68B-38,BI_MB,Mountain-200 Black- 38,Bikes,Mountain Bikes,true,Mountain,2012-07-01
80,360,BK-M68B-42,BI_MB,Mountain-200 Black- 42,Bikes,Mountain Bikes,true,Mountain,2012-07-01
81,362,BK-M68B-46,BI_MB,Mountain-200 Black- 46,Bikes,Mountain Bikes,true,Mountain,2012-07-01
82,352,BK-M68S-38,BI_MB,Mountain-200 Silver- 38,Bikes,Mountain Bikes,true,Mountain,2012-07-01
83,354,BK-M68S-42,BI_MB,Mountain-200 Silver- 42,Bikes,Mountain Bikes,true,Mountain,2012-07-01
84,356,BK-M68S-46,BI_MB,Mountain-200 Silver- 46,Bikes,Mountain Bikes,true,Mountain,2012-07-01
85,339,BK-R50B-44,BI_RB,Road-650 Black- 44,Bikes,Road Bikes,true,Road,2012-07-01
86,341,BK-R50B-48,BI_RB,Road-650 Black- 48,Bikes,Road Bikes,true,Road,2012-07-01
87,343,BK-R50B-52,BI_RB,Road-650 Black- 52,Bikes,Road Bikes,true,Road,2012-07-01
88,333,BK-R50B-58,BI_RB,Road-650 Black- 58,Bikes,Road Bikes,true,Road,2012-07-01
89,335,BK-R50B-60,BI_RB,Road-650 Black- 60,Bikes,Road Bikes,true,Road,2012-07-01
90,337,BK-R50B-62,BI_RB,Road-650 Black- 62,Bikes,Road Bikes,true,Road,2012-07-01
91,327,BK-R50R-44,BI_RB,Road-650 Red- 44,Bikes,Road Bikes,true,Road,2012-07-01
92,329,BK-R50R-48,BI_RB,Road-650 Red- 48,Bikes,Road Bikes,true,Road,2012-07-01
93,331,BK-R50R-52,BI_RB,Road-650 Red- 52,Bikes,Road Bikes,true,Road,2012-07-01
94,321,BK-R50R-58,BI_RB,Road-650 Red- 58,Bikes,Road Bikes,true,Road,2012-07-01
95,323,BK-R50R-60,BI_RB,Road-650 Red- 60,Bikes,Road Bikes,true,Road,2012-07-01
96,325,BK-R50R-62,BI_RB,Road-650 Red- 62,Bikes,Road Bikes,true,Road,2012-07-01
97,381,BK-R64Y-38,BI_RB,Road-550-W Yellow- 38,Bikes,Road Bikes,true,Road,2012-07-01
98,383,BK-R64Y-40,BI_RB,Road-550-W Yellow- 40,Bikes,Road Bikes,true,Road,2012-07-01
99,385,BK-R64Y-42,BI_RB,Road-550-W Yellow- 42,Bikes,Road Bikes,true,Road,2012-07-01
100,387,BK-R64Y-44,BI_RB,Road-550-W Yellow- 44,Bikes,Road Bikes,true,Road,2012-07-01
101,389,BK-R64Y-48,BI_RB,Road-550-W Yellow- 48,Bikes,Road Bikes,true,Road,2012-07-01
102,373,BK-R89B-44,BI_RB,Road-250 Black- 44,Bikes,Road Bikes,true,Road,2012-07-01
103,375,BK-R89B-48,BI_RB,Road-250 Black- 48,Bikes,Road Bikes,true,Road,2012-07-01
104,377,BK-R89B-52,BI_RB,Road-250 Black- 52,Bikes,Road Bikes,true,Road,2012-07-01
105,379,BK-R89B-58,BI_RB,Road-250 Black- 58,Bikes,Road Bikes,true,Road,2012-07-01
106,368,BK-R89R-44,BI_RB,Road-250 Red- 44,Bikes,Road Bikes,true,Road,2012-07-01
107,369,BK-R89R-48,BI_RB,Road-250 Red- 48,Bikes,Road Bikes,true,Road,2012-07-01
108,370,BK-R89R-52,BI_RB,Road-250 Red- 52,Bikes,Road Bikes,true,Road,2012-07-01
109,371,BK-R89R-58,BI_RB,Road-250 Red- 58,Bikes,Road Bikes,true,Road,2012-07-01
110,224,CA-1098,CL_CA,AWC Logo Cap,Clothing,Caps,false,other sales,2012-07-01
111,391,FK-1639,CO_FO,LL Fork,Components,Forks,true,n/a,2012-07-01
112,392,FK-5136,CO_FO,ML Fork,Components,Forks,true,n/a,2012-07-01
113,393,FK-9939,CO_FO,HL Fork,Components,Forks,true,n/a,2012-07-01
114,409,FR-M63B-38,CO_MF,ML Mountain Frame - Black- 38,Components,Mountain Frames,true,Mountain,2012-07-01
115,426,FR-M63B-40,CO_MF,ML Mountain Frame - Black- 40,Components,Mountain Frames,true,Mountain,2012-07-01
116,427,FR-M63B-44,CO_MF,ML Mountain Frame - Black- 44,Components,Mountain Frames,true,Mountain,2012-07-01
117,428,FR-M63B-48,CO_MF,ML Mountain Frame - Black- 48,Components,Mountain Frames,true,Mountain,2012-07-01
118,305,FR-M94B-38,CO_MF,HL Mountain Frame - Black- 38,Components,Mountain Frames,true,Mountain,2012-07-01
119,297,FR-M94B-42,CO_MF,HL Mountain Frame - Black- 42,Components,Mountain Frames,true,Mountain,2012-07-01
120,302,FR-M94B-46,CO_MF,HL Mountain Frame - Black- 46,Components,Mountain Frames,true,Mountain,2012-07-01
121,308,FR-M94S-38,CO_MF,HL Mountain Frame - Silver- 38,Components,Mountain Frames,true,Mountain,2012-07-01
122,289,FR-M94S-42,CO_MF,HL Mountain Frame - Silver- 42,Components,Mountain Frames,true,Mountain,2012-07-01
123,294,FR-M94S-46,CO_MF,HL Mountain Frame - Silver- 46,Components,Mountain Frames,true,Mountain,2012-07-01
124,280,FR-R38B-44,CO_RF,LL Road Frame - Black- 44,Components,Road Frames,true,Road,2012-07-01
125,283,FR-R38B-48,CO_RF,LL Road Frame - Black- 48,Components,Road Frames,true,Road,2012-07-01
126,286,FR-R38B-52,CO_RF,LL Road Frame - Black- 52,Components,Road Frames,true,Road,2012-07-01
127,254,FR-R38B-58,CO_RF,LL Road Frame - Black- 58,Components,Road Frames,true,Road,2012-07-01
128,257,FR-R38B-60,CO_RF,LL Road Frame - Black- 60,Components,Road Frames,true,Road,2012-07-01
129,260,FR-R38B-62,CO_RF,LL Road Frame - Black- 62,Components,Road Frames,true,Road,2012-07-01
130,263,FR-R38R-44,CO_RF,LL Road Frame - Red- 44,Components,Road Frames,true,Road,2012-07-01
131,265,FR-R38R-48,CO_RF,LL Road Frame - Red- 48,Components,Road Frames,true,Road,2012-07-01
132,267,FR-R38R-52,CO_RF,LL Road Frame - Red- 52,Components,Road Frames,true,Road,2012-07-01
133,269,FR-R38R-58,CO_RF,LL Road Frame - Red- 58,Components,Road Frames,true,Road,2012-07-01
134,271,FR-R38R-60,CO_RF,LL Road Frame - Red- 60,Components,Road Frames,true,Road,2012-07-01
135,273,FR-R38R-62,CO_RF,LL Road Frame - Red- 62,Components,Road Frames,true,Road,2012-07-01
136,417,FR-R72Y-38,CO_RF,ML Road Frame-W - Yellow- 38,Components,Road Frames,true,Road,2012-07-01
137,429,FR-R72Y-40,CO_RF,ML Road Frame-W - Yellow- 40,Components,Road Frames,true,Road,2012-07-01
138,431,FR-R72Y-42,CO_RF,ML Road Frame-W - Yellow- 42,Components,Road Frames,true,Road,2012-07-01
139,433,FR-R72Y-44,CO_RF,ML Road Frame-W - Yellow- 44,Components,Road Frames,true,Road,2012-07-01
140,435,FR-R72Y-48,CO_RF,ML Road Frame-W - Yellow- 48,Components,Road Frames,true,Road,2012-07-01
141,439,FR-R92B-44,CO_RF,HL Road Frame - Black- 44,Components,Road Frames,true,Road,2012-07-01
142,441,FR-R92B-48,CO_RF,HL Road Frame - Black- 48,Components,Road Frames,true,Road,2012-07-01
143,443,FR-R92B-52,CO_RF,HL Road Frame - Black- 52,Components,Road Frames,true,Road,2012-07-01
144,437,FR-R92B-62,CO_RF,HL Road Frame - Black- 62,Components,Road Frames,true,Road,2012-07-01
145,242,FR-R92R-44,CO_RF,HL Road Frame - Red- 44,Components,Road Frames,true,Road,2012-07-01
146,245,FR-R92R-48,CO_RF,HL Road Frame - Red- 48,Components,Road Frames,true,Road,2012-07-01
147,248,FR-R92R-52,CO_RF,HL Road Frame - Red- 52,Components,Road Frames,true,Road,2012-07-01
148,251,FR-R92R-56,CO_RF,HL Road Frame - Red- 56,Components,Road Frames,true,Road,2012-07-01
149,239,FR-R92R-62,CO_RF,HL Road Frame - Red- 62,Components,Road Frames,true,Road,2012-07-01
150,410,FW-M423,CO_WH,LL Mountain Front Wheel,Components,Wheels,true,Mountain,2012-07-01
151,411,FW-M762,CO_WH,ML Mountain Front Wheel,Components,Wheels,true,Mountain,2012-07-01
152,412,FW-M928,CO_WH,HL Mountain Front Wheel,Components,Wheels,true,Mountain,2012-07-01
153,413,FW-R623,CO_WH,LL Road Front Wheel,Components,Wheels,true,Road,2012-07-01
154,414,FW-R762,CO_WH,ML Road Front Wheel,Components,Wheels,true,Road,2012-07-01
155,415,FW-R820,CO_WH,HL Road Front Wheel,Components,Wheels,true,Road,2012-07-01
156,416,FW-T905,CO_WH,Touring Front Wheel,Components,Wheels,true,Touring,2012-07-01
157,470,GL-F110-L,CL_GL,Full-Finger Gloves- L,Clothing,Gloves,false,Mountain,2012-07-01
158,469,GL-F110-M,CL_GL,Full-Finger Gloves- M,Clothing,Gloves,false,Mountain,2012-07-01
159,468,GL-F110-S,CL_GL,Full-Finger Gloves- S,Clothing,Gloves,false,Mountain,2012-07-01
160,466,GL-H102-L,CL_GL,Half-Finger Gloves- L,Clothing,Gloves,false,other sales,2012-07-01
161,464,GL-H102-M,CL_GL,Half-Finger Gloves- M,Clothing,Gloves,false,other sales,2012-07-01
162,462,GL-H102-S,CL_GL,Half-Finger Gloves- S,Clothing,Gloves,false,other sales,2012-07-01
163,397,HB-M243,CO_HB,LL Mountain Handlebars,Components,Handlebars,false,Mountain,2012-07-01
164,399,HB-M763,CO_HB,ML Mountain Handlebars,Components,Handlebars,false,Mountain,2012-07-01
165,401,HB-M918,CO_HB,HL Mountain Handlebars,Components,Handlebars,false,Mountain,2012-07-01
166,403,HB-R504,CO_HB,LL Road Handlebars,Components,Handlebars,false,Road,2012-07-01
167,405,HB-R720,CO_HB,ML Road Handlebars,Components,Handlebars,false,Road,2012-07-01
168,407,HB-R956,CO_HB,HL Road Handlebars,Components,Handlebars,false,Road,2012-07-01
169,216,HL-U509,AC_HE,Sport-100 Helmet- Black,Accessories,Helmets,true,other sales,2012-07-01
170,221,HL-U509-B,AC_HE,Sport-100 Helmet- Blue,Accessories,Helmets,true,other sales,2012-07-01
171,213,HL-U509-R,AC_HE,Sport-100 Helmet- Red,Accessories,Helmets,true,other sales,2012-07-01
172,394,HS-0296,CO_HS,LL Headset,Components,Headsets,false,n/a,2012-07-01
173,395,HS-2451,CO_HS,ML Headset,Components,Headsets,false,n/a,2012-07-01
174,396,HS-3479,CO_HS,HL Headset,Components,Headsets,false,n/a,2012-07-01
175,233,LJ-0192-L,CL_JE,Long-Sleeve Logo Jersey- L,Clothing,Jerseys,false,other sales,2012-07-01
176,230,LJ-0192-M,CL_JE,Long-Sleeve Logo Jersey- M,Clothing,Jerseys,false,other sales,2012-07-01
177,227,LJ-0192-S,CL_JE,Long-Sleeve Logo Jersey- S,Clothing,Jerseys,false,other sales,2012-07-01
178,236,LJ-0192-X,CL_JE,Long-Sleeve Logo Jersey- XL,Clothing,Jerseys,false,other sales,2012-07-01
179,447,LO-C100,AC_LO,Cable Lock,Accessories,Locks,true,other sales,2012-07-01
180,451,LT-H902,AC_LI,Headlights - Dual-Beam,Accessories,Lights,true,Road,2012-07-01
181,452,LT-H903,AC_LI,Headlights - Weatherproof,Accessories,Lights,true,Road,2012-07-01
182,450,LT-T990,AC_LI,Taillights - Battery-Powered,Accessories,Lights,true,Road,2012-07-01
183,446,PA-T100,AC_PA,Touring-Panniers- Large,Accessories,Panniers,false,Touring,2012-07-01
184,448,PU-0452,AC_PU,Minipump,Accessories,Pumps,true,other sales,2012-07-01
185,449,PU-M044,AC_PU,Mountain Pump,Accessories,Pumps,true,Mountain,2012-07-01
186,419,RW-M423,CO_WH,LL Mountain Rear Wheel,Components,Wheels,true,Mountain,2012-07-01
187,420,RW-M762,CO_WH,ML Mountain Rear Wheel,Components,Wheels,true,Mountain,2012-07-01
188,421,RW-M928,CO_WH,HL Mountain Rear Wheel,Components,Wheels,true,Mountain,2012-07-01
189,422,RW-R623,CO_WH,LL Road Rear Wheel,Components,Wheels,true,Road,2012-07-01
190,423,RW-R762,CO_WH,ML Road Rear Wheel,Components,Wheels,true,Road,2012-07-01
191,424,RW-R820,CO_WH,HL Road Rear Wheel,Components,Wheels,true,Road,2012-07-01
192,425,RW-T905,CO_WH,Touring Rear Wheel,Components,Wheels,true,Touring,2012-07-01
193,461,SB-M891-L,CL_BS,Men's Bib-Shorts- L,Clothing,Bib-Shorts,false,other sales,2012-07-01
194,460,SB-M891-M,CL_BS,Men's Bib-Shorts- M,Clothing,Bib-Shorts,false,other sales,2012-07-01
195,459,SB-M891-S,CL_BS,Men's Bib-Shorts- S,Clothing,Bib-Shorts,false,other sales,2012-07-01
196,454,SH-M897-L,CL_SH,Men's Sports Shorts- L,Clothing,Shorts,false,other sales,2012-07-01
197,453,SH-M897-M,CL_SH,Men's Sports Shorts- M,Clothing,Shorts,false,other sales,2012-07-01
198,445,SH-M897-S,CL_SH,Men's Sports Shorts- S,Clothing,Shorts,false,other sales,2012-07-01
199,455,SH-M897-X,CL_SH,Men's Sports Shorts- XL,Clothing,Shorts,false,other sales,2012-07-01
200,458,TG-W091-L,CL_TI,Women's Tights- L,Clothing,Tights,false,other sales,2012-07-01
201,457,TG-W091-M,CL_TI,Women's Tights- M,Clothing,Tights,false,other sales,2012-07-01
202,456,TG-W091-S,CL_TI,Women's Tights- S,Clothing,Tights,false,other sales,2012-07-01
203,601,BB-7421,CO_BB,LL Bottom Bracket,Components,Bottom Brackets,true,n/a,2013-07-01
204,602,BB-8107,CO_BB,ML Bottom Bracket,Components,Bottom Brackets,true,n/a,2013-07-01
205,603,BB-9108,CO_BB,HL Bottom Bracket,Components,Bottom Brackets,true,n/a,2013-07-01
206,478,BC-M005,AC_BC,Mountain Bottle Cage,Accessories,Bottles and Cages,false,Mountain,2013-07-01
207,479,BC-R205,AC_BC,Road Bottle Cage,Accessories,Bottles and Cages,false,Road,2013-07-01
208,596,BK-M18B-40,BI_MB,Mountain-500 Black- 40,Bikes,Mountain Bikes,true,Mountain,2013-07-01
209,597,BK-M18B-42,BI_MB,Mountain-500 Black- 42,Bikes,Mountain Bikes,true,Mountain,2013-07-01
210,598,BK-M18B-44,BI_MB,Mountain-500 Black- 44,Bikes,Mountain Bikes,true,Mountain,2013-07-01
211,599,BK-M18B-48,BI_MB,Mountain-500 Black- 48,Bikes,Mountain Bikes,true,Mountain,2013-07-01
212,600,BK-M18B-52,BI_MB,Mountain-500 Black- 52,Bikes,Mountain Bikes,true,Mountain,2013-07-01
213,591,BK-M18S-40,BI_MB,Mountain-500 Silver- 40,Bikes,Mountain Bikes,true,Mountain,2013-07-01
214,592,BK-M18S-42,BI_MB,Mountain-500 Silver- 42,Bikes,Mountain Bikes,true,Mountain,2013-07-01
215,593,BK-M18S-44,BI_MB,Mountain-500 Silver- 44,Bikes,Mountain Bikes,true,Mountain,2013-07-01
216,594,BK-M18S-48,BI_MB,Mountain-500 Silver- 48,Bikes,Mountain Bikes,true,Mountain,2013-07-01
217,595,BK-M18S-52,BI_MB,Mountain-500 Silver- 52,Bikes,Mountain Bikes,true,Mountain,2013-07-01
218,587,BK-M38S-38,BI_MB,Mountain-400-W Silver- 38,Bikes,Mountain Bikes,true,Mountain,2013-07-01
219,588,BK-M38S-40,BI_MB,Mountain-400-W Silver- 40,Bikes,Mountain Bikes,true,Mountain,2013-07-01
220,589,BK-M38S-42,BI_MB,Mountain-400-W Silver- 42,Bikes,Mountain Bikes,true,Mountain,2013-07-01
221,590,BK-M38S-46,BI_MB,Mountain-400-W Silver- 46,Bikes,Mountain Bikes,true,Mountain,2013-07-01
222,359,BK-M68B-38,BI_MB,Mountain-200 Black- 38,Bikes,Mountain Bikes,true,Mountain,2013-07-01
223,361,BK-M68B-42,BI_MB,Mountain-200 Black- 42,Bikes,Mountain Bikes,true,Mountain,2013-07-01
224,363,BK-M68B-46,BI_MB,Mountain-200 Black- 46,Bikes,Mountain Bikes,true,Mountain,2013-07-01
225,353,BK-M68S-38,BI_MB,Mountain-200 Silver- 38,Bikes,Mountain Bikes,true,Mountain,2013-07-01
226,355,BK-M68S-42,BI_MB,Mountain-200 Silver- 42,Bikes,Mountain Bikes,true,Mountain,2013-07-01
227,357,BK-M68S-46,BI_MB,Mountain-200 Silver- 46,Bikes,Mountain Bikes,true,Mountain,2013-07-01
228,604,BK-R19B-44,BI_RB,Road-750 Black- 44,Bikes,Road Bikes,true,Road,2013-07-01
229,605,BK-R19B-48,BI_RB,Road-750 Black- 48,Bikes,Road Bikes,true,Road,2013-07-01
230,606,BK-R19B-52,BI_RB,Road-750 Black- 52,Bikes,Road Bikes,true,Road,2013-07-01
231,584,BK-R19B-58,BI_RB,Road-750 Black- 58,Bikes,Road Bikes,true,Road,2013-07-01
232,382,BK-R64Y-38,BI_RB,Road-550-W Yellow- 38,Bikes,Road Bikes,true,Road,2013-07-01
233,384,BK-R64Y-40,BI_RB,Road-550-W Yellow- 40,Bikes,Road Bikes,true,Road,2013-07-01
234,386,BK-R64Y-42,BI_RB,Road-550-W Yellow- 42,Bikes,Road Bikes,true,Road,2013-07-01
235,388,BK-R64Y-44,BI_RB,Road-550-W Yellow- 44,Bikes,Road Bikes,true,Road,2013-07-01
236,390,BK-R64Y-48,BI_RB,Road-550-W Yellow- 48,Bikes,Road Bikes,true,Road,2013-07-01
237,580,BK-R79Y-40,BI_RB,Road-350-W Yellow- 40,Bikes,Road Bikes,true,Road,2013-07-01
238,581,BK-R79Y-42,BI_RB,Road-350-W Yellow- 42,Bikes,Road Bikes,true,Road,2013-07-01
239,582,BK-R79Y-44,BI_RB,Road-350-W Yellow- 44,Bikes,Road Bikes,true,Road,2013-07-01
240,583,BK-R79Y-48,BI_RB,Road-350-W Yellow- 48,Bikes,Road Bikes,true,Road,2013-07-01
241,374,BK-R89B-44,BI_RB,Road-250 Black- 44,Bikes,Road Bikes,true,Road,2013-07-01
242,376,BK-R89B-48,BI_RB,Road-250 Black- 48,Bikes,Road Bikes,true,Road,2013-07-01
243,378,BK-R89B-52,BI_RB,Road-250 Black- 52,Bikes,Road Bikes,true,Road,2013-07-01
244,380,BK-R89B-58,BI_RB,Road-250 Black- 58,Bikes,Road Bikes,true,Road,2013-07-01
245,372,BK-R89R-58,BI_RB,Road-250 Red- 58,Bikes,Road Bikes,true,Road,2013-07-01
246,585,BK-T18U-44,BI_TB,Touring-3000 Blue- 44,Bikes,Touring Bikes,true,Touring,2013-07-01
247,586,BK-T18U-50,BI_TB,Touring-3000 Blue- 50,Bikes,Touring Bikes,true,Touring,2013-07-01
248,565,BK-T18U-54,BI_TB,Touring-3000 Blue- 54,Bikes,Touring Bikes,true,Touring,2013-07-01
249,566,BK-T18U-58,BI_TB,Touring-3000 Blue- 58,Bikes,Touring Bikes,true,Touring,2013-07-01
250,567,BK-T18U-62,BI_TB,Touring-3000 Blue- 62,Bikes,Touring Bikes,true,Touring,2013-07-01
251,568,BK-T18Y-44,BI_TB,Touring-3000 Yellow- 44,Bikes,Touring Bikes,true,Touring,2013-07-01
252,569,BK-T18Y-50,BI_TB,Touring-3000 Yellow- 50,Bikes,Touring Bikes,true,Touring,2013-07-01
253,570,BK-T18Y-54,BI_TB,Touring-3000 Yellow- 54,Bikes,Touring Bikes,true,Touring,2013-07-01
254,571,BK-T18Y-58,BI_TB,Touring-3000 Yellow- 58,Bikes,Touring Bikes,true,Touring,2013-07-01
255,572,BK-T18Y-62,BI_TB,Touring-3000 Yellow- 62,Bikes,Touring Bikes,true,Touring,2013-07-01
256,577,BK-T44U-46,BI_TB,Touring-2000 Blue- 46,Bikes,Touring Bikes,true,Touring,2013-07-01
257,578,BK-T44U-50,BI_TB,Touring-2000 Blue- 50,Bikes,Touring Bikes,true,Touring,2013-07-01
258,579,BK-T44U-54,BI_TB,Touring-2000 Blue- 54,Bikes,Touring Bikes,true,Touring,2013-07-01
259,560,BK-T44U-60,BI_TB,Touring-2000 Blue- 60,Bikes,Touring Bikes,true,Touring,2013-07-01
260,573,BK-T79U-46,BI_TB,Touring-1000 Blue- 46,Bikes,Touring Bikes,true,Touring,2013-07-01
261,574,BK-T79U-50,BI_TB,Touring-1000 Blue- 50,Bikes,Touring Bikes,true,Touring,2013-07-01
262,575,BK-T79U-54,BI_TB,Touring-1000 Blue- 54,Bikes,Touring Bikes,true,Touring,2013-07-01
263,576,BK-T79U-60,BI_TB,Touring-1000 Blue- 60,Bikes,Touring Bikes,true,Touring,2013-07-01
264,561,BK-T79Y-46,BI_TB,Touring-1000 Yellow- 46,Bikes,Touring Bikes,true,Touring,2013-07-01
265,562,BK-T79Y-50,BI_TB,Touring-1000 Yellow- 50,Bikes,Touring Bikes,true,Touring,2013-07-01
266,563,BK-T79Y-54,BI_TB,Touring-1000 Yellow- 54,Bikes,Touring Bikes,true,Touring,2013-07-01
267,564,BK-T79Y-60,BI_TB,Touring-1000 Yellow- 60,Bikes,Touring Bikes,true,Touring,2013-07-01
268,225,CA-1098,CL_CA,AWC Logo Cap,Clothing,Caps,false,other sales,2013-07-01
269,559,CH-0234,CO_CH,Chain,Components,Chains,true,n/a,2013-07-01
270,484,CL-9009,AC_CL,Bike Wash - Dissolver,Accessories,Cleaners,true,other sales,2013-07-01
271,556,CS-4759,CO_CS,LL Crankset,Components,Cranksets,true,n/a,2013-07-01
272,557,CS-6583,CO_CS,ML Crankset,Components,Cranksets,true,n/a,2013-07-01
273,558,CS-9183,CO_CS,HL Crankset,Components,Cranksets,true,n/a,2013-07-01
274,555,FB-9873,CO_BR,Front Brakes,Components,Brakes,true,n/a,2013-07-01
275,552,FD-2342,CO_DE,Front Derailleur,Components,Derailleurs,true,n/a,2013-07-01
276,485,FE-6654,AC_FE,Fender Set - Mountain,Accessories,Fenders,false,Mountain,2013-07-01
277,550,FR-M21B-40,CO_MF,LL Mountain Frame - Black- 40,Components,Mountain Frames,true,Mountain,2013-07-01
278,531,FR-M21B-42,CO_MF,LL Mountain Frame - Black- 42,Components,Mountain Frames,true,Mountain,2013-07-01
279,532,FR-M21B-44,CO_MF,LL Mountain Frame - Black- 44,Components,Mountain Frames,true,Mountain,2013-07-01
280,533,FR-M21B-48,CO_MF,LL Mountain Frame - Black- 48,Components,Mountain Frames,true,Mountain,2013-07-01
281,534,FR-M21B-52,CO_MF,LL Mountain Frame - Black- 52,Components,Mountain Frames,true,Mountain,2013-07-01
282,551,FR-M21S-40,CO_MF,LL Mountain Frame - Silver- 40,Components,Mountain Frames,true,Mountain,2013-07-01
283,524,FR-M21S-42,CO_MF,LL Mountain Frame - Silver- 42,Components,Mountain Frames,true,Mountain,2013-07-01
284,525,FR-M21S-44,CO_MF,LL Mountain Frame - Silver- 44,Components,Mountain Frames,true,Mountain,2013-07-01
285,526,FR-M21S-48,CO_MF,LL Mountain Frame - Silver- 48,Components,Mountain Frames,true,Mountain,2013-07-01
286,527,FR-M21S-52,CO_MF,LL Mountain Frame - Silver- 52,Components,Mountain Frames,true,Mountain,2013-07-01
287,549,FR-M63S-38,CO_MF,ML Mountain Frame-W - Silver- 38,Components,Mountain Frames,true,Mountain,2013-07-01
288,511,FR-M63S-40,CO_MF,ML Mountain Frame-W - Silver- 40,Components,Mountain Frames,true,Mountain,2013-07-01
289,512,FR-M63S-42,CO_MF,ML Mountain Frame-W - Silver- 42,Components,Mountain Frames,true,Mountain,2013-07-01
290,513,FR-M63S-46,CO_MF,ML Mountain Frame-W - Silver- 46,Components,Mountain Frames,true,Mountain,2013-07-01
291,306,FR-M94B-38,CO_MF,HL Mountain Frame - Black- 38,Components,Mountain Frames,true,Mountain,2013-07-01
292,298,FR-M94B-42,CO_MF,HL Mountain Frame - Black- 42,Components,Mountain Frames,true,Mountain,2013-07-01
293,303,FR-M94B-46,CO_MF,HL Mountain Frame - Black- 46,Components,Mountain Frames,true,Mountain,2013-07-01
294,309,FR-M94S-38,CO_MF,HL Mountain Frame - Silver- 38,Components,Mountain Frames,true,Mountain,2013-07-01
295,290,FR-M94S-42,CO_MF,HL Mountain Frame - Silver- 42,Components,Mountain Frames,true,Mountain,2013-07-01
296,295,FR-M94S-46,CO_MF,HL Mountain Frame - Silver- 46,Components,Mountain Frames,true,Mountain,2013-07-01
297,281,FR-R38B-44,CO_RF,LL Road Frame - Black- 44,Components,Road Frames,true,Road,2013-07-01
298,284,FR-R38B-48,CO_RF,LL Road Frame - Black- 48,Components,Road Frames,true,Road,2013-07-01
299,287,FR-R38B-52,CO_RF,LL Road Frame - Black- 52,Components,Road Frames,true,Road,2013-07-01
300,255,FR-R38B-58,CO_RF,LL Road Frame - Black- 58,Components,Road Frames,true,Road,2013-07-01
301,258,FR-R38B-60,CO_RF,LL Road Frame - Black- 60,Components,Road Frames,true,Road,2013-07-01
302,261,FR-R38B-62,CO_RF,LL Road Frame - Black- 62,Components,Road Frames,true,Road,2013-07-01
303,418,FR-R72Y-38,CO_RF,ML Road Frame-W - Yellow- 38,Components,Road Frames,true,Road,2013-07-01
304,430,FR-R72Y-40,CO_RF,ML Road Frame-W - Yellow- 40,Components,Road Frames,true,Road,2013-07-01
305,432,FR-R72Y-42,CO_RF,ML Road Frame-W - Yellow- 42,Components,Road Frames,true,Road,2013-07-01
306,434,FR-R72Y-44,CO_RF,ML Road Frame-W - Yellow- 44,Components,Road Frames,true,Road,2013-07-01
307,436,FR-R72Y-48,CO_RF,ML Road Frame-W - Yellow- 48,Components,Road Frames,true,Road,2013-07-01
308,440,FR-R92B-44,CO_RF,HL Road Frame - Black- 44,Components,Road Frames,true,Road,2013-07-01
309,442,FR-R92B-48,CO_RF,HL Road Frame - Black- 48,Components,Road Frames,true,Road,2013-07-01
310,444,FR-R92B-52,CO_RF,HL Road Frame - Black- 52,Components,Road Frames,true,Road,2013-07-01
311,438,FR-R92B-62,CO_RF,HL Road Frame - Black- 62,Components,Road Frames,true,Road,2013-07-01
312,243,FR-R92R-44,CO_RF,HL Road Frame - Red- 44,Components,Road Frames,true,Road,2013-07-01
313,246,FR-R92R-48,CO_RF,HL Road Frame - Red- 48,Components,Road Frames,true,Road,2013-07-01
314,249,FR-R92R-52,CO_RF,HL Road Frame - Red- 52,Components,Road Frames,true,Road,2013-07-01
315,252,FR-R92R-56,CO_RF,HL Road Frame - Red- 56,Components,Road Frames,true,Road,2013-07-01
316,240,FR-R92R-62,CO_RF,HL Road Frame - Red- 62,Components,Road Frames,true,Road,2013-07-01
317,510,FR-T67U-44,CO_TF,LL Touring Frame - Blue- 44,Components,Touring Frames,true,Touring,2013-07-01
318,502,FR-T67U-50,CO_TF,LL Touring Frame - Blue- 50,Components,Touring Frames,true,Touring,2013-07-01
319,503,FR-T67U-54,CO_TF,LL Touring Frame - Blue- 54,Components,Touring Frames,true,Touring,2013-07-01
320,504,FR-T67U-58,CO_TF,LL Touring Frame - Blue- 58,Components,Touring Frames,true,Touring,2013-07-01
321,505,FR-T67U-62,CO_TF,LL Touring Frame - Blue- 62,Components,Touring Frames,true,Touring,2013-07-01
322,506,FR-T67Y-44,CO_TF,LL Touring Frame - Yellow- 44,Components,Touring Frames,true,Touring,2013-07-01
323,507,FR-T67Y-50,CO_TF,LL Touring Frame - Yellow- 50,Components,Touring Frames,true,Touring,2013-07-01
324,508,FR-T67Y-54,CO_TF,LL Touring Frame - Yellow- 54,Components,Touring Frames,true,Touring,2013-07-01
325,509,FR-T67Y-58,CO_TF,LL Touring Frame - Yellow- 58,Components,Touring Frames,true,Touring,2013-07-01
326,493,FR-T67Y-62,CO_TF,LL Touring Frame - Yellow- 62,Components,Touring Frames,true,Touring,2013-07-01
327,497,FR-T98U-46,CO_TF,HL Touring Frame - Blue- 46,Components,Touring Frames,true,Touring,2013-07-01
328,498,FR-T98U-50,CO_TF,HL Touring Frame - Blue- 50,Components,Touring Frames,true,Touring,2013-07-01
329,499,FR-T98U-54,CO_TF,HL Touring Frame - Blue- 54,Components,Touring Frames,true,Touring,2013-07-01
330,500,FR-T98U-60,CO_TF,HL Touring Frame - Blue- 60,Components,Touring Frames,true,Touring,2013-07-01
331,494,FR-T98Y-46,CO_TF,HL Touring Frame - Yellow- 46,Components,Touring Frames,true,Touring,2013-07-01
332,495,FR-T98Y-50,CO_TF,HL Touring Frame - Yellow- 50,Components,Touring Frames,true,Touring,2013-07-01
333,496,FR-T98Y-54,CO_TF,HL Touring Frame - Yellow- 54,Components,Touring Frames,true,Touring,2013-07-01
334,492,FR-T98Y-60,CO_TF,HL Touring Frame - Yellow- 60,Components,Touring Frames,true,Touring,2013-07-01
335,467,GL-H102-L,CL_GL,Half-Finger Gloves- L,Clothing,Gloves,false,other sales,2013-07-01
336,465,GL-H102-M,CL_GL,Half-Finger Gloves- M,Clothing,Gloves,false,other sales,2013-07-01
337,463,GL-H102-S,CL_GL,Half-Finger Gloves- S,Clothing,Gloves,false,other sales,2013-07-01
338,398,HB-M243,CO_HB,LL Mountain Handlebars,Components,Handlebars,false,Mountain,2013-07-01
339,400,HB-M763,CO_HB,ML Mountain Handlebars,Components,Handlebars,false,Mountain,2013-07-01
340,402,HB-M918,CO_HB,HL Mountain Handlebars,Components,Handlebars,false,Mountain,2013-07-01
341,404,HB-R504,CO_HB,LL Road Handlebars,Components,Handlebars,false,Road,2013-07-01
342,406,HB-R720,CO_HB,ML Road Handlebars,Components,Handlebars,false,Road,2013-07-01
343,408,HB-R956,CO_HB,HL Road Handlebars,Components,Handlebars,false,Road,2013-07-01
344,553,HB-T721,CO_HB,LL Touring Handlebars,Components,Handlebars,false,Touring,2013-07-01
345,554,HB-T928,CO_HB,HL Touring Handlebars,Components,Handlebars,false,Touring,2013-07-01
346,217,HL-U509,AC_HE,Sport-100 Helmet- Black,Accessories,Helmets,true,other sales,2013-07-01
347,222,HL-U509-B,AC_HE,Sport-100 Helmet- Blue,Accessories,Helmets,true,other sales,2013-07-01
348,214,HL-U509-R,AC_HE,Sport-100 Helmet- Red,Accessories,Helmets,true,other sales,2013-07-01
349,487,HY-1023-70,AC_HP,Hydration Pack - 70 oz.,Accessories,Hydration Packs,false,other sales,2013-07-01
350,234,LJ-0192-L,CL_JE,Long-Sleeve Logo Jersey- L,Clothing,Jerseys,false,other sales,2013-07-01
351,231,LJ-0192-M,CL_JE,Long-Sleeve Logo Jersey- M,Clothing,Jerseys,false,other sales,2013-07-01
352,228,LJ-0192-S,CL_JE,Long-Sleeve Logo Jersey- S,Clothing,Jerseys,false,other sales,2013-07-01
353,237,LJ-0192-X,CL_JE,Long-Sleeve Logo Jersey- XL,Clothing,Jerseys,false,other sales,2013-07-01
354,542,PD-M282,CO_PE,LL Mountain Pedal,"","","",Mountain,2013-07-01
355,543,PD-M340,CO_PE,ML Mountain Pedal,"","","",Mountain,2013-07-01
356,544,PD-M562,CO_PE,HL Mountain Pedal,"","","",Mountain,2013-07-01
357,545,PD-R347,CO_PE,LL Road Pedal,"","","",Road,2013-07-01
358,546,PD-R563,CO_PE,ML Road Pedal,"","","",Road,2013-07-01
359,547,PD-R853,CO_PE,HL Road Pedal,"","","",Road,2013-07-01
360,548,PD-T852,CO_PE,Touring Pedal,"","","",Touring,2013-07-01
361,480,PK-7098,AC_TT,Patch Kit/8 Patches,Accessories,Tires and Tubes,true,other sales,2013-07-01
362,483,RA-H123,AC_BR,Hitch Rack - 4-Bike,Accessories,Bike Racks,true,other sales,2013-07-01
363,514,RB-9231,CO_BR,Rear Brakes,Components,Brakes,true,n/a,2013-07-01
364,501,RD-2308,CO_DE,Rear Derailleur,Components,Derailleurs,true,n/a,2013-07-01
365,515,SE-M236,CO_SA,LL Mountain Seat/Saddle,Components,Saddles,false,Mountain,2013-07-01
366,516,SE-M798,CO_SA,ML Mountain Seat/Saddle,Components,Saddles,false,Mountain,2013-07-01
367,517,SE-M940,CO_SA,HL Mountain Seat/Saddle,Components,Saddles,false,Mountain,2013-07-01
368,518,SE-R581,CO_SA,LL Road Seat/Saddle,Components,Saddles,false,Road,2013-07-01
369,519,SE-R908,CO_SA,ML Road Seat/Saddle,Components,Saddles,false,Touring,2013-07-01
370,520,SE-R995,CO_SA,HL Road Seat/Saddle,Components,Saddles,false,Road,2013-07-01
371,521,SE-T312,CO_SA,LL Touring Seat/Saddle,Components,Saddles,false,Touring,2013-07-01
372,522,SE-T762,CO_SA,ML Touring Seat/Saddle,Components,Saddles,false,Touring,2013-07-01
373,523,SE-T924,CO_SA,HL Touring Seat/Saddle,Components,Saddles,false,Touring,2013-07-01
374,476,SH-W890-L,CL_SH,Women's Mountain Shorts- L,Clothing,Shorts,false,Mountain,2013-07-01
375,475,SH-W890-M,CL_SH,Women's Mountain Shorts- M,Clothing,Shorts,false,Mountain,2013-07-01
376,474,SH-W890-S,CL_SH,Women's Mountain Shorts- S,Clothing,Shorts,false,Mountain,2013-07-01
377,490,SJ-0194-L,CL_JE,Short-Sleeve Classic Jersey- L,Clothing,Jerseys,false,other sales,2013-07-01
378,489,SJ-0194-M,CL_JE,Short-Sleeve Classic Jersey- M,Clothing,Jerseys,false,other sales,2013-07-01
379,488,SJ-0194-S,CL_JE,Short-Sleeve Classic Jersey- S,Clothing,Jerseys,false,other sales,2013-07-01
380,491,SJ-0194-X,CL_JE,Short-Sleeve Classic Jersey- XL,Clothing,Jerseys,false,other sales,2013-07-01
381,482,SO-R809-L,CL_SO,Racing Socks- L,Clothing,Socks,false,Road,2013-07-01
382,481,SO-R809-M,CL_SO,Racing Socks- M,Clothing,Socks,false,Road,2013-07-01
383,486,ST-1401,AC_BS,All-Purpose Bike Stand,Accessories,Bike Stands,false,Mountain,2013-07-01
384,535,TI-M267,AC_TT,LL Mountain Tire,Accessories,Tires and Tubes,true,Mountain,2013-07-01
385,536,TI-M602,AC_TT,ML Mountain Tire,Accessories,Tires and Tubes,true,Mountain,2013-07-01
386,537,TI-M823,AC_TT,HL Mountain Tire,Accessories,Tires and Tubes,true,Mountain,2013-07-01
387,538,TI-R092,AC_TT,LL Road Tire,Accessories,Tires and Tubes,true,Road,2013-07-01
388,539,TI-R628,AC_TT,ML Road Tire,Accessories,Tires and Tubes,true,Road,2013-07-01
389,540,TI-R982,AC_TT,HL Road Tire,Accessories,Tires and Tubes,true,Road,2013-07-01
390,541,TI-T723,AC_TT,Touring Tire,Accessories,Tires and Tubes,true,Touring,2013-07-01
391,528,TT-M928,AC_TT,Mountain Tire Tube,Accessories,Tires and Tubes,true,Mountain,2013-07-01
392,529,TT-R982,AC_TT,Road Tire Tube,Accessories,Tires and Tubes,true,Road,2013-07-01
393,530,TT-T092,AC_TT,Touring Tire Tube,Accessories,Tires and Tubes,true,Touring,2013-07-01
394,473,VE-C304-L,CL_VE,Classic Vest- L,Clothing,Vests,false,other sales,2013-07-01
395,472,VE-C304-M,CL_VE,Classic Vest- M,Clothing,Vests,false,other sales,2013-07-01
396,471,VE-C304-S,CL_VE,Classic Vest- S,Clothing,Vests,false,other sales,2013-07-01
397,477,WB-H098,AC_BC,Water Bottle - 30 oz.,Accessories,Bottles and Cages,false,other sales,2013-07-01
